NormalPredictor,BaselineOnly,KNNBasic,KNNWithMeans,KNNWithZScore,KNNBaseline,SVD,SVDpp
1.2016168089902506,0.758861632815577,0.7567087665690709,0.7389084621134128,0.7408216372051803,0.7382159859577738,0.7015097051760191,0.7008079619358778
1.4438829556479122,0.5758709777595236,0.5726081574024846,0.5459857153828087,0.5488166981513639,0.5449628419236081,0.49211586645614513,0.49113179951271874
0.9519956291077698,0.5745058201497714,0.5663035784091651,0.5584291788248409,0.5572975766696797,0.5575799507850967,0.5281773251217857,0.528267174504804
0.4955805222774473,0.6402749709728028,0.6684533036724907,0.6677181304637669,0.6652384745891434,0.6673633726147923,0.7051660086560458,0.7058824803902496
0.6189749240875244,0.7740941047668457,32.503812074661255,33.42197394371033,33.37747597694397,34.69428300857544,4.94069504737854,216.9892520904541
